median,lower_95,upper_95
0.6341054628715365,0.38071186900760245,0.8426320232180584
